floor_type,floor_visits,avg_turns,total_damage_taken,avg_damage_taken,total_hp_healed,avg_hp_healed,avg_monster_count
monster,650,4.358461538461539,4015,6.176923076923077,197,0.3030769230769231,1.7938461538461539
rest_site,365,0.0,0,0.0,3154,8.64109589041096,0.0
unknown,340,0.8441176470588235,945,2.7794117647058822,414,1.2176470588235293,0.3588235294117647
elite,227,5.41409691629956,2845,12.533039647577093,186,0.8193832599118943,1.5859030837004404
ancient,145,0.0,88,0.6068965517241379,7432,51.255172413793105,0.0
treasure,130,0.0,0,0.0,62,0.47692307692307695,0.0
boss,116,8.870689655172415,2944,25.379310344827587,324,2.793103448275862,1.2586206896551724
shop,115,0.0,0,0.0,144,1.2521739130434784,0.0
